Department,DistinguishedName,Enabled,GivenName,Manager,Name,ObjectClass,OfficePhone,SamAccountName,sn,Surname,Title
Executive,CN=Dan Jump,TRUE,Dan,,Dan Jump,user,+41 56 406 0709,danj,Jump,Jump,CEO
Operations,CN=Adam Barr,TRUE,Adam,CN=Dan Jump,Adam Barr,user,+41 56 406 5472,adamb,Barr,Barr,General Manager of Professional Services
Project Management,CN=Alan Steiner,TRUE,Alan,CN=Adam Barr,Alan Steiner,user,+41 56 406 2443,alans,Steiner,Steiner,Director of Project Management Team
Project Management,CN=Chris Norred,TRUE,Chris,CN=Alan Steiner,Chris Norred,user,+41 56 406 1931,chrisn,Norred,Norred,Project Manager
Operations,CN=Diane Tibbot,TRUE,Diane,CN=Adam Barr,Diane Tibbot,user,+41 56 406 9327,dianet,Tibbot,Tibbot,CFO of Professional Services
Engineering,CN=Christine Koch,TRUE,Christine,CN=Adam Barr,Christine Koch,user,+41 56 406 2987,christk,Koch,Koch,Managing Director
Executive,CN=Frank Martinez,TRUE,Frank,CN=Dan Jump,Frank Martinez,user,+41 56 406 0121,frankm1,Martinez,Martinez,COO
Accounting,CN=Karim Manar,TRUE,Karim,CN=Diane Tibbot,Karim Manar,user,+41 56 406 4156,karimm,Manar,Manar,Controller
Sales,CN=Dan Park,TRUE,Dan,CN=Adam Barr,Dan Park,user,+41 56 406 6563,danp,Park,Park,Vice President NA Sales
Executive,CN=Jeff Hay,TRUE,Jeff,CN=Frank Martinez,Jeff Hay,user,+41 56 406 0187,jeffh,Hay,Hay,CVP of Operations
Human Resources,CN=Garth Fort,TRUE,Garth,CN=Karim Manar,Garth Fort,user,+41 56 406 8258,garthf,Fort,Fort,HR Manager
Strategy Consulting,CN=Cesar Garcia,TRUE,Cesar,CN=Christine Koch,Cesar Garcia,user,+41 56 406 4178,cesarg,Garcia,Garcia,Strategy Consulting Manager
Executive,CN=Christa Geller,TRUE,Christa,CN=Jeff Hay,Christa Geller,user,+41 56 406 0177,christg,Geller,Geller,CVP of Online
Sales Engagement Management,CN=Jack Creasey,TRUE,Jack,CN=Dan Park,Jack Creasey,user,+41 56 406 4676,jackc,Creasey,Creasey,Managing Director
Strategy Consulting,CN=David Maman,TRUE,David,CN=Christine Koch,David Maman,user,+41 56 406 2867,davidm,Maman,Maman,Strategy Consulting Manager
Sales,CN=Alan Brewer,TRUE,Alan,CN=Jack Creasey,Alan Brewer,user,+41 56 406 2217,alanb,Brewer,Brewer,Regional Sales Manager
Sales Engagement Management,CN=David Simpson,TRUE,David,CN=Alan Brewer,David Simpson,user,+41 56 406 1123,davids,Simpson,Simpson,Sales Manager
Senior Management,CN=Anna Lidman,TRUE,Anna,CN=Christa Geller,Anna Lidman,user,+41 56 406 0172,annal,Lidman,Lidman,SVP of Online Services
Sales,CN=Eduard Dell,TRUE,Eduard,CN=Jack Creasey,Eduard Dell,user,+41 56 406 4638,eduardd,Dell,Dell,Regional Sales Manager
Sales,CN=Spencer Low,TRUE,Spencer,CN=Jack Creasey,Spencer Low,user,+41 56 406 7934,spencel,Low,Low,Regional Sales Manager
Operations,CN=Kelly Weadock,TRUE,Kelly,CN=Adam Barr,Kelly Weadock,user,+41 56 406 8936,kellyw,Weadock,Weadock,CTO of Professional Services
Senior Management,CN=Molly Clark,TRUE,Molly,CN=Anna Lidman,Molly Clark,user,+41 56 406 0192,mollyc,Clark,Clark,GM of Online Ad Sales and Affiliate Marketing
Sales,CN=Larry Zhang,TRUE,Larry,CN=Jack Creasey,Larry Zhang,user,+41 56 406 7414,larryz,Zhang,Zhang,Regional Sales Manager
Operations,CN=Arturo Lopez,TRUE,Arturo,CN=Kelly Weadock,Arturo Lopez,user,+41 56 406 3186,arturol,Lopez,Lopez,IT Director
Sales,CN=April Stewart,TRUE,April,CN=Eduard Dell,April Stewart,user,+41 56 406 5454,aprils,Stewart,Stewart,Sales Manager
Strategy Consulting,CN=Aaron Painter,TRUE,Aaron,CN=Christine Koch,Aaron Painter,user,+41 56 406 8335,aaronp,Painter,Painter,Strategy Consulting Manager
Project Management,CN=Andrew Ma,TRUE,Andrew,CN=Alan Steiner,Andrew Ma,user,+41 56 406 6345,andrewm,Ma,Ma,Senior Project Manager
Marketing,CN=Diane Prescott,TRUE,Diane,CN=Molly Clark,Diane Prescott,user,+41 56 406 0164,dianep,Prescott,Prescott,Director of Ad Sales
Sales Engagement Management,CN=Arthur Yasinski,TRUE,Arthur,CN=Spencer Low,Arthur Yasinski,user,+41 56 406 3187,arthury,Yasinski,Yasinski,Sales Manager
Strategy Consulting,CN=Brad Sutton,TRUE,Brad,CN=Christine Koch,Brad Sutton,user,+41 56 406 9758,brads,Sutton,Sutton,Strategy Consulting Manager
Human Resources,CN=Amy Alberts,TRUE,Amy,CN=Garth Fort,Amy Alberts,user,+41 56 406 1346,amya,Alberts,Alberts,HR Manager
Sales,CN=Steve Luper,TRUE,Steve,CN=Jack Creasey,Steve Luper,user,+41 56 406 7772,stevel,Luper,Luper,Regional Sales Manager
Senior Management,CN=Julian Isla,TRUE,Julian,CN=Molly Clark,Julian Isla,user,+41 56 406 0184,juliani,Isla,Isla,Sr. Business Development Manager
Project Management,CN=Scott Bishop,TRUE,Scott,CN=Alan Steiner,Scott Bishop,user,+41 56 406 9977,scottb,Bishop,Bishop,Senior Project Manager
Marketing,CN=Kelly Krout,TRUE,Kelly,CN=Adam Barr,Kelly Krout,user,+41 56 406 6511,kellyk,Krout,Krout,Marketing Manager
Content Management Consulting,CN=Stan Orme,TRUE,Stan,CN=Alan Steiner,Stan Orme,user,+41 56 406 6169,stano,Orme,Orme,Content Management Consulting Manager
Project Management,CN=Mike Nash,TRUE,Mike,CN=Alan Steiner,Mike Nash,user,+41 56 406 8148,miken,Nash,Nash,Senior Project Manager
Strategy Consulting,CN=Jenni Merrifield,TRUE,Jenni,CN=David Maman,Jenni Merrifield,user,+41 56 406 3965,jennim,Merrifield,Merrifield,Strategy Consultant
Operations,CN=Keith Dishmo,TRUE,Keith,CN=Adam Barr,Keith Dishmo,user,+41 56 406 7436,keithd,Dishmo,Dishmo,Procurement Manager
Sales,CN=Jose Saraiva,TRUE,Jose,CN=Larry Zhang,Jose Saraiva,user,+41 56 406 9337,joses,Saraiva,Saraiva,Sales Manager
Sales Engagement Management,CN=Lene Aalling,TRUE,Lene,CN=Steve Luper,Lene Aalling,user,+41 56 406 3621,lenea,Aalling,Aalling,Sales Manager
Project Management,CN=Barry Johnson,TRUE,Barry,CN=Alan Steiner,Barry Johnson,user,+41 56 406 8673,barryj,Johnson,Johnson,Project Manager
Strategy Consulting,CN=Ellen Adams,TRUE,Ellen,CN=Christine Koch,Ellen Adams,user,+41 56 406 1397,ellena,Adams,Adams,Strategy Consulting Manager
Operations,CN=Ben Spain,TRUE,Ben,CN=Adam Barr,Ben Spain,user,+41 56 406 8216,bens,Spain,Spain,Manager
Engineering Operations,CN=David Zazzo,TRUE,David,CN=Adam Barr,David Zazzo,user,+41 56 406 4122,davidz,Zazzo,Zazzo,Managing Director
Engineering Operations,CN=Carol Troup,TRUE,Carol,CN=David Zazzo,Carol Troup,user,+41 56 406 7223,carolt,Troup,Troup,Strategy Consulting Manager
Operations,CN=Erika Cheley,TRUE,Erika,CN=Ben Spain,Erika Cheley,user,+41 56 406 1242,erikac,Cheley,Cheley,Manager
Project Management,CN=Brian Groth,TRUE,Brian,CN=Barry Johnson,Brian Groth,user,+41 56 406 9642,briang,Groth,Groth,Project Manager
CRM Strategy,CN=Syed Abbas,TRUE,Syed,CN=Aaron Painter,Syed Abbas,user,+41 56 406 4595,syeda,Abbas,Abbas,CRM Consulting Manager
Content Management Consulting,CN=Peder Thode,TRUE,Peder,CN=Stan Orme,Peder Thode,user,+41 56 406 7862,pedert,Thode,Thode,Content Management Consultant
Content Management Consulting,CN=Mary Cha,TRUE,Mary,CN=Stan Orme,Mary Cha,user,+41 56 406 4594,maryc,Cha,Cha,Content Management Consultant
Content Management Consulting,CN=Lisa Andrews,TRUE,Lisa,CN=Stan Orme,Lisa Andrews,user,+41 56 406 7545,lisaa,Andrews,Andrews,Content Management Consultant
Content Management Consulting,CN=Jim Lucey,TRUE,Jim,CN=Stan Orme,Jim Lucey,user,+41 56 406 1626,jiml,Lucey,Lucey,Content Management Consultant
Content Management Consulting,CN=Gareth Chan,TRUE,Gareth,CN=Stan Orme,Gareth Chan,user,+41 56 406 5894,garethc,Chan,Chan,Content Management Consultant
CRM Strategy,CN=Karin Lamb,TRUE,Karin,CN=Syed Abbas,Karin Lamb,user,+41 56 406 9834,karinl,Lamb,Lamb,CRM Consultant
Content Management Consulting,CN=David Hamilton,TRUE,David,CN=Stan Orme,David Hamilton,user,+41 56 406 7963,davidh,Hamilton,Hamilton,CRM Consultant
CRM Strategy,CN=Merav Sror,TRUE,Merav,CN=Syed Abbas,Merav Sror,user,+41 56 406 2697,meravs,Sror,Sror,CRM Consultant
Content Management Consulting,CN=Reina Cabatana,TRUE,Reina,CN=Stan Orme,Reina Cabatana,user,+41 56 406 3658,reinac,Cabatana,Cabatana,Content Management Consultant
Content Management Consulting,CN=Robin Young,TRUE,Robin,CN=Stan Orme,Robin Young,user,+41 56 406 4428,robiny,Young,Young,Content Management Consultant
Content Management Consulting,CN=Peter Saddow,TRUE,Peter,CN=Stan Orme,Peter Saddow,user,+41 56 406 9437,peters,Saddow,Saddow,Content Management Consultant
Content Management Consulting,CN=Vladimir Egorov,TRUE,Vladimir,CN=Stan Orme,Vladimir Egorov,user,+41 56 406 9441,vladime,Egorov,Egorov,Content Management Consultant
Content Management Consulting,CN=Esther Valle,TRUE,Esther,CN=Stan Orme,Esther Valle,user,+41 56 406 8548,estherv,Valle,Valle,Content Management Consultant
Strategy Consulting,CN=Lori Kane,TRUE,Lori,CN=Brad Sutton,Lori Kane,user,+41 56 406 5292,lorik,Kane,Kane,Strategy Consultant
Engineering Operations,CN=Cliff Diddier,TRUE,Cliff,CN=Carol Troup,Cliff Diddier,user,+41 56 406 3748,cliffd,Diddier,Diddier,Engineer
Engineering Operations,CN=Chen Yang,TRUE,Chen,CN=Carol Troup,Chen Yang,user,+41 56 406 6173,cheny,Yang,Yang,Engineer
Engineering Operations,CN=Bernard Tham,TRUE,Bernard,CN=Carol Troup,Bernard Tham,user,+41 56 406 3119,bernart,Tham,Tham,Engineer
Engineering Operations,CN=Ari Suominen,TRUE,Ari,CN=Carol Troup,Ari Suominen,user,+41 56 406 7231,aris,Suominen,Suominen,Engineer
Creative,CN=Anu Deshpande,TRUE,Anu,CN=Carol Troup,Anu Deshpande,user,+41 56 406 6699,anud,Deshpande,Deshpande,Engineer
Engineering Operations,CN=Allan Guinot,TRUE,Allan,CN=Carol Troup,Allan Guinot,user,+41 56 406 6127,allang,Guinot,Guinot,Engineer
CRM Strategy,CN=Toby Nixon,TRUE,Toby,CN=Syed Abbas,Toby Nixon,user,+41 56 406 4379,tobyn,Nixon,Nixon,CRM Consultant
CRM Strategy,CN=Tad Orman,TRUE,Tad,CN=Syed Abbas,Tad Orman,user,+41 56 406 4625,tado,Orman,Orman,CRM Consultant
CRM Strategy,CN=Jeff Williams,TRUE,Jeff,CN=Syed Abbas,Jeff Williams,user,+41 56 406 2592,jeffw,Williams,Williams,CRM Consultant
Strategy Consulting,CN=Frank Miller,TRUE,Frank,CN=David Maman,Frank Miller,user,+41 56 406 5231,frankm,Miller,Miller,Strategy Consultant
Strategy Consulting,CN=William Vong,TRUE,William,CN=Cesar Garcia,William Vong,user,+41 56 406 5864,williav,Vong,Vong,Strategy Consultant
Strategy Consulting,CN=Sameer Tejani,TRUE,Sameer,CN=Ellen Adams,Sameer Tejani,user,+41 56 406 5422,sameert,Tejani,Tejani,Strategy Consultant
Strategy Consulting,CN=Jon Jaffe,TRUE,Jon,CN=Brad Sutton,Jon Jaffe,user,+41 56 406 5499,jonj,Jaffe,Jaffe,Strategy Consultant
Strategy Consulting,CN=Mike Ray,TRUE,Mike,CN=David Maman,Mike Ray,user,+41 56 406 1665,miker,Ray,Ray,Strategy Consultant
Content Management Consulting,CN=Robert O'Hara,TRUE,Robert,CN=Stan Orme,Robert O'Hara,user,+41 56 406 3434,roberto,O'Hara,O'Hara,Content Management Consultant
Strategy Consulting,CN=Lisa Miller,TRUE,Lisa,CN=Cesar Garcia,Lisa Miller,user,+41 56 406 7947,lisam,Miller,Miller,Strategy Consultant
CRM Strategy,CN=Jason Carlson,TRUE,Jason,CN=Syed Abbas,Jason Carlson,user,+41 56 406 6548,jasonc,Carlson,Carlson,CRM Consultant
Strategy Consulting,CN=Jim Corbin,TRUE,Jim,CN=David Maman,Jim Corbin,user,+41 56 406 8157,jimc,Corbin,Corbin,Strategy Consultant
Strategy Consulting,CN=Jesus Escolar,TRUE,Jesus,CN=Aaron Painter,Jesus Escolar,user,+41 56 406 5784,jesuse,Escolar,Escolar,Strategy Consultant
Strategy Consulting,CN=Idan Rubin,TRUE,Idan,CN=Brad Sutton,Idan Rubin,user,+41 56 406 5862,idanr,Rubin,Rubin,Strategy Consultant
Strategy Consulting,CN=Don Hall,TRUE,Don,CN=Ellen Adams,Don Hall,user,+41 56 406 3518,donh,Hall,Hall,Strategy Consultant
Strategy Consulting,CN=Blaine Dockter,TRUE,Blaine,CN=Ellen Adams,Blaine Dockter,user,+41 56 406 4484,blained,Dockter,Dockter,Strategy Consultant
Strategy Consulting,CN=Anne Weiler,TRUE,Anne,CN=Cesar Garcia,Anne Weiler,user,+41 56 406 6443,annew,Weiler,Weiler,Strategy Consultant
Strategy Consulting,CN=Allison Brown,TRUE,Allison,CN=Aaron Painter,Allison Brown,user,+41 56 406 5461,allisob,Brown,Brown,Strategy Consultant
Engineering Operations,CN=Valery Ushakov,TRUE,Valery,CN=Carol Troup,Valery Ushakov,user,+41 56 406 3599,valeryu,Ushakov,Ushakov,Engineer
CRM Strategy,CN=Tosh Meston,TRUE,Tosh,CN=Syed Abbas,Tosh Meston,user,+41 56 406 1394,toshm,Meston,Meston,CRM Consultant
Content Management Consulting,CN=Sanjay Patel,TRUE,Sanjay,CN=Stan Orme,Sanjay Patel,user,+41 56 406 5542,sanjayp,Patel,Patel,Content Management Consultant
Strategy Consulting,CN=Roland Wacker,TRUE,Roland,CN=Aaron Painter,Roland Wacker,user,+41 56 406 8236,rolandw,Wacker,Wacker,Strategy Consultant
1099 Contractor,CN=David Derwin,TRUE,David,CN=Brian Groth,David Derwin,user,+41 56 406 7749,davidd,Derwin,Derwin,Project Manager
Strategy Consulting,CN=John Yokum,TRUE,John,CN=Ellen Adams,John Yokum,user,+41 56 406 8147,johny,Yokum,Yokum,Strategy Consultant
1099 Contractor,CN=Scott Rockfield,TRUE,Scott,CN=Brian Groth,Scott Rockfield,user,+41 56 406 5233,scottr,Rockfield,Rockfield,Project Manager
1099 Contractor,CN=Humberto Acevedo,TRUE,Humberto,CN=Brian Groth,Humberto Acevedo,user,+41 56 406 9549,humbera,Acevedo,Acevedo,Project Manager
1099 Contractor,CN=David So,TRUE,David,CN=Brian Groth,David So,user,+41 56 406 1459,davids1,So,So,Project Manager
1099 Contractor,CN=Anders Madsen,TRUE,Anders,CN=Brian Groth,Anders Madsen,user,+41 56 406 7593,andersm,Madsen,Madsen,Project Manager
1099 Contractor,CN=Alexandre Silva,TRUE,Alexandre,CN=Brian Groth,Alexandre Silva,user,+41 56 406 5413,alexans,Silva,Silva,Project Manager
1099 Contractor,CN=Stuart Munson,TRUE,Stuart,CN=Brian Groth,Stuart Munson,user,+41 56 406 9366,stuartm,Munson,Munson,Project Manager
1099 Contractor,CN=Qiong Wu,TRUE,Qiong,CN=Brian Groth,Qiong Wu,user,+41 56 406 2342,qiongw,Wu,Wu,Project Manager
1099 Contractor,CN=Michiko Osada,TRUE,Michiko,CN=Brian Groth,Michiko Osada,user,+41 56 406 1577,michiko,Osada,Osada,Project Manager
1099 Contractor,CN=Michael Zeman,TRUE,Michael,CN=Brian Groth,Michael Zeman,user,+41 56 406 7177,michaez,Zeman,Zeman,Project Manager
1099 Contractor,CN=Maurice Taylor,TRUE,Maurice,CN=Brian Groth,Maurice Taylor,user,+41 56 406 3382,maurict,Taylor,Taylor,Project Manager
1099 Contractor,CN=Guido Pica,TRUE,Guido,CN=Brian Groth,Guido Pica,user,+41 56 406 4724,guidop,Pica,Pica,Project Manager
1099 Contractor,CN=Jessica Arnold,TRUE,Jessica,CN=Brian Groth,Jessica Arnold,user,+41 56 406 3415,jessica,Arnold,Arnold,Project Manager
Accounting,CN=Chase Carpenter,TRUE,Chase,CN=Karim Manar,Chase Carpenter,user,+41 56 406 9764,chasec,Carpenter,Carpenter,Accountant
1099 Contractor,CN=Terrence Phillip,TRUE,Terrence,CN=Jenni Merrifield,Terrence Phillip,user,+41 56 406 1678,terrenp,Phillip,Phillip,Strategy Consultant
1099 Contractor,CN=Hugo Garcia,TRUE,Hugo,CN=Jenni Merrifield,Hugo Garcia,user,+41 56 406 6852,hugog,Garcia,Garcia,Strategy Consultant
1099 Contractor,CN=Jeremy Los,TRUE,Jeremy,CN=Jenni Merrifield,Jeremy Los,user,+41 56 406 8792,jeremyl,Los,Los,Strategy Consultant
1099 Contractor,CN=John Ganio,TRUE,John,CN=Jenni Merrifield,John Ganio,user,+41 56 406 6235,johng,Ganio,Ganio,Strategy Consultant
1099 Contractor,CN=Lina Abola,TRUE,Lina,CN=Jenni Merrifield,Lina Abola,user,+41 56 406 4666,linaa,Abola,Abola,Strategy Consultant
1099 Contractor,CN=Mark Hanson,TRUE,Mark,CN=Jenni Merrifield,Mark Hanson,user,+41 56 406 7794,markh,Hanson,Hanson,Strategy Consultant
1099 Contractor,CN=Jaka Stele,TRUE,Jaka,CN=Brian Groth,Jaka Stele,user,+41 56 406 6963,jakas,Stele,Stele,Project Manager
1099 Contractor,CN=Steven Wright,TRUE,Steven,CN=Jenni Merrifield,Steven Wright,user,+41 56 406 3155,stevenw,Wright,Wright,Strategy Consultant
1099 Contractor,CN=Dough Mahugh,TRUE,Dough,CN=Brian Groth,Dough Mahugh,user,+41 56 406 7139,doughm,Mahugh,Mahugh,Project Manager
1099 Contractor,CN=Andrea Dunker,TRUE,Andrea,CN=Brian Groth,Andrea Dunker,user,+41 56 406 1413,andread,Dunker,Dunker,Project Manager
1099 Contractor,CN=Carlos Grilo,TRUE,Carlos,CN=Brian Groth,Carlos Grilo,user,+41 56 406 4536,carlosg,Grilo,Grilo,Project Manager
1099 Contractor,CN=Chris McGurk,TRUE,Chris,CN=Brian Groth,Chris McGurk,user,+41 56 406 1833,chrism,McGurk,McGurk,Project Manager
1099 Contractor,CN=Dan Bacon,TRUE,Dan,CN=Brian Groth,Dan Bacon,user,+41 56 406 2464,danb,Bacon,Bacon,Project Manager
1099 Contractor,CN=Daniel Durrer,TRUE,Daniel,CN=Brian Groth,Daniel Durrer,user,+41 56 406 8793,danield,Durrer,Durrer,Project Manager
Accounting,CN=James Wittrell,TRUE,James,CN=Karim Manar,James Wittrell,user,+41 56 406 2597,jamesw,Wittrell,Wittrell,Accountant
1099 Contractor,CN=Scott MacDonald,TRUE,Scott,CN=Jenni Merrifield,Scott MacDonald,user,+41 56 406 8452,scottm,MacDonald,MacDonald,Strategy Consultant
Strategy Consulting,CN=Renee Lo,TRUE,Renee,CN=Aaron Painter,Renee Lo,user,+41 56 406 6864,reneel,Lo,Lo,Strategy Consultant
Content Management Consulting,CN=Cari Drummelle,TRUE,Cari,CN=Stan Orme,Cari Drummelle,user,+41 56 406 3889,carid,Drummelle,Drummelle,Content Management Consultant
Content Management Consulting,CN=Alfons Parovszky,TRUE,Alfons,CN=Stan Orme,Alfons Parovszky,user,+41 56 406 1659,alfonsp,Parovszky,Parovszky,Content Management Consultant
Content Management Consulting,CN=Matt Hink,TRUE,Matt,CN=Stan Orme,Matt Hink,user,+41 56 406 4157,matth,Hink,Hink,Content Management Consultant
CRM Strategy,CN=Lorraine Nay,TRUE,Lorraine,CN=Syed Abbas,Lorraine Nay,user,+41 56 406 8569,lorrain,Nay,Nay,CRM Consultant
Strategy Consulting,CN=Iben Thorell,TRUE,Iben,CN=Brad Sutton,Iben Thorell,user,+41 56 406 7167,ibent,Thorell,Thorell,Strategy Consultant
Content Management Consulting,CN=Magnus Hedlund,TRUE,Magnus,CN=Stan Orme,Magnus Hedlund,user,+41 56 406 7213,magnush,Hedlund,Hedlund,Business Process Manager
Content Management Consulting,CN=Erik Andersen,TRUE,Erik,CN=Stan Orme,Erik Andersen,user,+41 56 406 6448,erica,Andersen,Andersen,Content Management Consultant
Engineering Operations,CN=Corinna Bolender,TRUE,Corinna,CN=Carol Troup,Corinna Bolender,user,+41 56 406 9821,corinnb,Bolender,Bolender,Engineer
Strategy Consulting,CN=Trey Pratt,TRUE,Trey,CN=Cesar Garcia,Trey Pratt,user,+41 56 406 2297,treyp,Pratt,Pratt,Strategy Consultant
Sales,CN=John Kane,TRUE,John,CN=Jose Saraiva,John Kane,user,+41 56 406 8332,johnk,Kane,Kane,Salesperson
Strategy Consulting,CN=Parna Khot,TRUE,Parna,CN=Aaron Painter,Parna Khot,user,+41 56 406 8454,parnak,Khot,Khot,Strategy Consultant
Strategy Consulting,CN=Kim Ralls,TRUE,Kim,CN=David Maman,Kim Ralls,user,+41 56 406 1443,kimr,Ralls,Ralls,Strategy Consultant
Strategy Consulting,CN=Jan Kotas,TRUE,Jan,CN=Brad Sutton,Jan Kotas,user,+41 56 406 4747,jank,Kotas,Kotas,Strategy Consultant
1099 Contractor,CN=Thomas Hamborg,TRUE,Thomas,CN=Brian Groth,Thomas Hamborg,user,+41 56 406 4112,thomash,Hamborg,Hamborg,Project Manager
Strategy Consulting,CN=Lolan Song,TRUE,Lolan,CN=David Maman,Lolan Song,user,+41 56 406 1913,lolans,Song,Song,Strategy Consultant
Accounting,CN=Lars Hansson,TRUE,Lars,CN=Karim Manar,Lars Hansson,user,+41 56 406 7777,larsh,Hansson,Hansson,Accounting Manager
Accounting,CN=Jill Frank,TRUE,Jill,CN=Karim Manar,Jill Frank,user,+41 56 406 9559,jillf,Frank,Frank,Accountant
Accounting,CN=Joel Lachance,TRUE,Joel,CN=Karim Manar,Joel Lachance,user,+41 56 406 6848,joell,Lachance,Lachance,Accountant
Strategy Consulting,CN=John John,TRUE,John,CN=Aaron Painter,John John,user,+41 56 406 5846,johne,John,John,Strategy Consultant
Strategy Consulting,CN=Jun Cao,TRUE,Jun,CN=Cesar Garcia,Jun Cao,user,+41 56 406 3449,junc,Cao,Cao,Strategy Consultant
Strategy Consulting,CN=Tony Wang,TRUE,Tony,CN=Ellen Adams,Tony Wang,user,+41 56 406 4595,tonyw,Wang,Wang,Strategy Consultant
Strategy Consulting,CN=Kenneth Cools,TRUE,Kenneth,CN=Brad Sutton,Kenneth Cools,user,+41 56 406 4886,kennetc,Cools,Cools,Strategy Consultant
Strategy Consulting,CN=Steve Masters,TRUE,Steve,CN=Cesar Garcia,Steve Masters,user,+41 56 406 4557,stevem,Masters,Masters,Strategy Consultant
Strategy Consulting,CN=Lubor Kollar,TRUE,Lubor,CN=Aaron Painter,Lubor Kollar,user,+41 56 406 8223,lubork,Kollar,Kollar,Strategy Consultant
Strategy Consulting,CN=Michael Ludwig,TRUE,Michael,CN=Cesar Garcia,Michael Ludwig,user,+41 56 406 6621,michael,Ludwig,Ludwig,Strategy Consultant
Strategy Consulting,CN=Michael Lund,TRUE,Michael,CN=Ellen Adams,Michael Lund,user,+41 56 406 4295,michal1,Lund,Lund,Strategy Consultant
Strategy Consulting,CN=Michael Sullivan,TRUE,Michael,CN=Brad Sutton,Michael Sullivan,user,+41 56 406 8398,michaes,Sullivan,Sullivan,Strategy Consultant
Strategy Consulting,CN=Ray Chow,TRUE,Ray,CN=David Maman,Ray Chow,user,+41 56 406 5295,rayc,Chow,Chow,Strategy Consultant
Content Management Consulting,CN=Diane Glimp,TRUE,Diane,CN=Stan Orme,Diane Glimp,user,+41 56 406 3984,dianeg,Glimp,Glimp,Content Management Consultant
Strategy Consulting,CN=Ken Malcolmson,TRUE,Ken,CN=Ellen Adams,Ken Malcolmson,user,+41 56 406 8879,kenm,Malcolmson,Malcolmson,Strategy Consultant
Project Management,CN=Manueal Machado,TRUE,Manueal,CN=Barry Johnson,Manueal Machado,user,+41 56 406 2246,manueam,Machado,Machado,Senior Project Manager
Sales,CN=Luca Dellamore,TRUE,Luca,CN=April Stewart,Luca Dellamore,user,+41 56 406 8461,lucad,Dellamore,Dellamore,Salesperson
Project Management,CN=Ivo Salmre,TRUE,Ivo,CN=Andrew Ma,Ivo Salmre,user,+41 56 406 2699,ivos,Salmre,Salmre,Project Manager
Sales,CN=Howard Gonzalez,TRUE,Howard,CN=Lene Aalling,Howard Gonzalez,user,+41 56 406 6851,howardg,Gonzalez,Gonzalez,Salesperson
Sales,CN=Elizabeth Andersen,TRUE,Elizabeth,CN=Arthur Yasinski,Elizabeth Andersen,user,+41 56 406 7395,elizaba,Andersen,Andersen,Salesperson
Project Management,CN=Denis Dehenne,TRUE,Denis,CN=Barry Johnson,Denis Dehenne,user,+41 56 406 6492,denisd,Dehenne,Dehenne,Project Manager
Sales,CN=David Wright,TRUE,David,CN=David Simpson,David Wright,user,+41 56 406 9264,davidw,Wright,Wright,Salesperson
Project Management,CN=Chris Barry,TRUE,Chris,CN=Mike Nash,Chris Barry,user,+41 56 406 9267,chrisb,Barry,Barry,Project Manager
Project Management,CN=Ayla Kol,TRUE,Ayla,CN=Scott Bishop,Ayla Kol,user,+41 56 406 3448,aylak,Kol,Kol,Project Manager
Project Management,CN=Alisa Lawyer,TRUE,Alisa,CN=Scott Bishop,Alisa Lawyer,user,+41 56 406 4738,alisal,Lawyer,Lawyer,Project Manager
Project Management,CN=Simon Rapier,TRUE,Simon,CN=Scott Bishop,Simon Rapier,user,+41 56 406 9848,simonr,Rapier,Rapier,Senior Project Manager
Project Management,CN=Rob Barker,TRUE,Rob,CN=Chris Norred,Rob Barker,user,+41 56 406 2474,robb,Barker,Barker,Project Manager
Sales,CN=Hazem Abolrous,TRUE,Hazem,CN=Lene Aalling,Hazem Abolrous,user,+41 56 406 3823,hazema,Abolrous,Abolrous,Salesperson
Project Management,CN=Ned Friend,TRUE,Ned,CN=Chris Norred,Ned Friend,user,+41 56 406 8382,nedf,Friend,Friend,Project Manager
Project Management,CN=Richard Tupy,TRUE,Richard,CN=Andrew Ma,Richard Tupy,user,+41 56 406 1694,richart,Tupy,Tupy,Project Manager
Project Management,CN=Don Funk,TRUE,Don,CN=Chris Norred,Don Funk,user,+41 56 406 6561,donf,Funk,Funk,Project Manager
Project Management,CN=Dave Natsuhara,TRUE,Dave,CN=Chris Norred,Dave Natsuhara,user,+41 56 406 9299,daven,Natsuhara,Natsuhara,Project Manager
Project Management,CN=Christian Rytt,TRUE,Christian,CN=Chris Norred,Christian Rytt,user,+41 56 406 5488,christr,Rytt,Rytt,Project Manager
Project Management,CN=Ted Bremer,TRUE,Ted,CN=Chris Norred,Ted Bremer,user,+41 56 406 3874,tedb,Bremer,Bremer,Business Process Manager
Project Management,CN=Sean Purcell,TRUE,Sean,CN=Chris Norred,Sean Purcell,user,+41 56 406 6953,seanp,Purcell,Purcell,Business Process Manager
Project Management,CN=Ray Mohrman,TRUE,Ray,CN=Barry Johnson,Ray Mohrman,user,+41 56 406 1471,raym,Mohrman,Mohrman,Senior Project Manager
Project Management,CN=Mike Tiano,TRUE,Mike,CN=Chris Norred,Mike Tiano,user,+41 56 406 6552,miket,Tiano,Tiano,Business Process Manager
Project Management,CN=Margaret Au,TRUE,Margaret,CN=Chris Norred,Margaret Au,user,+41 56 406 2918,margara,Au,Au,Business Process Manager
Project Management,CN=Jesper Aaberg,TRUE,Jesper,CN=Chris Norred,Jesper Aaberg,user,+41 56 406 1783,jespera,Aaberg,Aaberg,Project Manager
Project Management,CN=Danni Ortman,TRUE,Danni,CN=Andrew Ma,Danni Ortman,user,+41 56 406 6667,dannio,Ortman,Ortman,Senior Project Manager
Project Management,CN=Andy Jacobs,TRUE,Andy,CN=Scott Bishop,Andy Jacobs,user,+41 56 406 4262,andyj,Jacobs,Jacobs,Senior Project Manager
Operations,CN=Mchiel Wories,TRUE,Mchiel,CN=Keith Dishmo,Mchiel Wories,user,+41 56 406 4539,mchielw,Wories,Wories,Procurement Manager
Project Management,CN=Nuria Gonzalez,TRUE,Nuria,CN=Mike Nash,Nuria Gonzalez,user,+41 56 406 8185,nuriag,Gonzalez,Gonzalez,Senior Project Manager
Sales Engagement Management,CN=Ty Carlson,TRUE,Ty,CN=Lene Aalling,Ty Carlson,user,+41 56 406 4446,tyc,Carlson,Carlson,Salesperson
Senior Management,CN=Cassie Hicks,TRUE,Cassie,CN=Adam Barr,Cassie Hicks,user,+41 56 406 0129,cassieh,Hicks,Hicks,Director of Client Services
Senior Management,CN=Sean Chai,TRUE,Sean,CN=Molly Clark,Sean Chai,user,+41 56 406 0193,seanc,Chai,Chai,Director of Affiliate Marketing and Partnerships
Senior Management,CN=Todd Rowe,TRUE,Todd,CN=Diane Prescott,Todd Rowe,user,+41 56 406 0124,toddr,Rowe,Rowe,Sr. Media Planner
CVP of IT,CN=Tai Lee,TRUE,Tai,CN=Jeff Hay,Tai Lee,user,+41 56 406 0131,tail,Lee,Lee,President of Services
Senior Management,CN=Greg Winston,TRUE,Greg,CN=Jeff Hay,Greg Winston,user,+41 56 406 0140,gregw,Winston,Winston,President of Management
Executive,CN=Sanjay Shah,TRUE,Sanjay,CN=Dan Jump,Sanjay Shah,user,+41 56 406 0107,sanjays,Shah,Shah,Chief of Technical Strategy
Executive,CN=Toni Poe,TRUE,Toni,CN=Dan Jump,Toni Poe,user,+41 56 406 0196,tonip,Poe,Poe,Chief of Partnerships and Strategy
Executive,CN=Jim Daly,TRUE,Jim,CN=Dan Jump,Jim Daly,user,+41 56 406 0116,jimd,Daly,Daly,CFO
Sales Engagement Management,CN=Tom Youtsey,TRUE,Tom,CN=David Simpson,Tom Youtsey,user,+41 56 406 4331,tomy,Youtsey,Youtsey,Salesperson
Sales Engagement Management,CN=Kerim Hanif,TRUE,Kerim,CN=David Simpson,Kerim Hanif,user,+41 56 406 5661,kerimh,Hanif,Hanif,Salesperson
Sales Engagement Management,CN=Jamie Reding,TRUE,Jamie,CN=David Simpson,Jamie Reding,user,+41 56 406 2363,jamier,Reding,Reding,Salesperson
Sales Engagement Management,CN=Ye Xu,TRUE,Ye,CN=Arthur Yasinski,Ye Xu,user,+41 56 406 7757,yex,Xu,Xu,Salesperson
Sales,CN=Marko Zajc,TRUE,Marko,CN=April Stewart,Marko Zajc,user,+41 56 406 3784,markoz,Zajc,Zajc,Salesperson
Sales Engagement Management,CN=Fabrice Canel,TRUE,Fabrice,CN=Arthur Yasinski,Fabrice Canel,user,+41 56 406 8815,fabricc,Canel,Canel,Salesperson
Sales,CN=Pavel Simsa,TRUE,Pavel,CN=David Simpson,Pavel Simsa,user,+41 56 406 1284,pavels,Simsa,Simsa,Salesperson
Sales Engagement Management,CN=Vernette Price,TRUE,Vernette,CN=Lene Aalling,Vernette Price,user,+41 56 406 6828,vernettp,Price,Price,Salesperson
Sales Engagement Management,CN=Nate Sun,TRUE,Nate,CN=Lene Aalling,Nate Sun,user,+41 56 406 7818,nates,Sun,Sun,Salesperson
Sales Engagement Management,CN=Tina Makovec,TRUE,Tina,CN=April Stewart,Tina Makovec,user,+41 56 406 2465,tinam,Makovec,Makovec,Salesperson
Sales Engagement Management,CN=Neil Orint,TRUE,Neil,CN=April Stewart,Neil Orint,user,+41 56 406 5958,neilo,Orint,Orint,Salesperson
Sales Engagement Management,CN=Luka Abrus,TRUE,Luka,CN=April Stewart,Luka Abrus,user,+41 56 406 3648,lukaa,Abrus,Abrus,Salesperson
Sales Engagement Management,CN=Euan Garden,TRUE,Euan,CN=April Stewart,Euan Garden,user,+41 56 406 3383,euang,Garden,Garden,Salesperson
Sales,CN=Eran Harel,TRUE,Eran,CN=Jose Saraiva,Eran Harel,user,+41 56 406 1265,eranh,Harel,Harel,Salesperson
Sales,CN=Michael Ovesen,TRUE,Michael,CN=Jose Saraiva,Michael Ovesen,user,+41 56 406 5625,michaeo,Ovesen,Ovesen,Salesperson
Sales,CN=Kim Abercrombie,TRUE,Kim,CN=Jose Saraiva,Kim Abercrombie,user,+41 56 406 3839,kima,Abercrombie,Abercrombie,Salesperson
Operations,CN=Rob Young,TRUE,Rob,CN=Arturo Lopez,Rob Young,user,+41 56 406 1739,roby,Young,Young,IT Manager
Project Management,CN=Terry Earls,TRUE,Terry,CN=Mike Nash,Terry Earls,user,+41 56 406 3164,terrye,Earls,Earls,Project Manager
Operations,CN=Michael Mainer,TRUE,Michael,CN=Erika Cheley,Michael Mainer,user,+41 56 406 4542,michaem,Mainer,Mainer,Manager
Sales Engagement Management,CN=Sven Buck,TRUE,Sven,CN=Arthur Yasinski,Sven Buck,user,+41 56 406 4151,svenb,Buck,Buck,Salesperson
Sales,CN=Eric Gruber,TRUE,Eric,CN=Lene Aalling,Eric Gruber,user,+41 56 406 4629,ericg,Gruber,Gruber,Salesperson
Operations,CN=Jelle Visser,TRUE,Jelle,CN=Keith Dishmo,Jelle Visser,user,+41 56 406 4932,jellev,Visser,Visser,Procurement Manager
Sales,CN=Erik Gubbels,TRUE,Erik,CN=April Stewart,Erik Gubbels,user,+41 56 406 9296,erikg,Gubbels,Gubbels,Salesperson
Sales,CN=Dominik Paiha,TRUE,Dominik,CN=Jose Saraiva,Dominik Paiha,user,+41 56 406 2538,dominip,Paiha,Paiha,Salesperson
Sales,CN=Dan Hough,TRUE,Dan,CN=Arthur Yasinski,Dan Hough,user,+41 56 406 4568,danh,Hough,Hough,Salesperson
Sales,CN=Tina Lassila,TRUE,Tina,CN=Arthur Yasinski,Tina Lassila,user,+41 56 406 6337,tinal,Lassila,Lassila,Salesperson
Sales,CN=Nuno Farinha,TRUE,Nuno,CN=David Simpson,Nuno Farinha,user,+41 56 406 1812,nunof,Farinha,Farinha,Salesperson
Sales,CN=Maru Subrmani,TRUE,Maru,CN=April Stewart,Maru Subrmani,user,+41 56 406 5277,marus,Subrmani,Subrmani,Salesperson
Sales,CN=Marc Faerber,TRUE,Marc,CN=David Simpson,Marc Faerber,user,+41 56 406 3269,marcf,Faerber,Faerber,Salesperson
Sales,CN=Kari Furse,TRUE,Kari,CN=Jose Saraiva,Kari Furse,user,+41 56 406 2668,karif,Furse,Furse,Salesperson
Senior Management,CN=Karen Berg,TRUE,Karen,CN=Julian Isla,Karen Berg,user,+41 56 406 0174,karenb,Berg,Berg,Sr. Account Manager
Human Resources,CN=Ian Tien,TRUE,Ian,CN=Amy Alberts,Ian Tien,user,+41 56 406 1437,iant,Tien,Tien,HR Specialist
Sales,CN=Scott Gode,TRUE,Scott,CN=David Simpson,Scott Gode,user,+41 56 406 8474,scottg,Gode,Gode,Salesperson
Sales,CN=Gina Boyer,TRUE,Gina,CN=Arthur Yasinski,Gina Boyer,user,+41 56 406 3766,ginab,Boyer,Boyer,Salesperson
Sales,CN=Annelie Zubar,TRUE,Annelie,CN=Jose Saraiva,Annelie Zubar,user,+41 56 406 4845,anneliz,Zubar,Zubar,Salesperson
Sales,CN=David Bossard,TRUE,David,CN=April Stewart,David Bossard,user,+41 56 406 1422,davidb,Bossard,Bossard,Salesperson
Sales,CN=Alicia Thomber,TRUE,Alicia,CN=David Simpson,Alicia Thomber,user,+41 56 406 4825,aliciat,Thomber,Thomber,Salesperson
Sales,CN=Marcelo Truffat,TRUE,Marcelo,CN=Jose Saraiva,Marcelo Truffat,user,+41 56 406 1785,marcelt,Truffat,Truffat,Salesperson
Engineering Operations,CN=Tony Madigan,TRUE,Tony,CN=Carol Troup,Tony Madigan,user,+41 56 406 6941,tonym,Madigan,Madigan,Senior Engineer
Engineering Operations,CN=Sunil Koduri,TRUE,Sunil,CN=Carol Troup,Sunil Koduri,user,+41 56 406 5651,sunilk,Koduri,Koduri,Senior Engineer
Engineering Operations,CN=Simon Pearson,TRUE,Simon,CN=Carol Troup,Simon Pearson,user,+41 56 406 2318,simonp,Pearson,Pearson,Senior Engineer
Engineering Operations,CN=Paul Duffy,TRUE,Paul,CN=Carol Troup,Paul Duffy,user,+41 56 406 9351,pauld,Duffy,Duffy,Senior Engineer
Engineering Operations,CN=Kate Taneyhill,TRUE,Kate,CN=Carol Troup,Kate Taneyhill,user,+41 56 406 2732,katet,Taneyhill,Taneyhill,Senior Engineer
Engineering Operations,CN=Chris Gray,TRUE,Chris,CN=Carol Troup,Chris Gray,user,+41 56 406 9244,chrisg,Gray,Gray,Senior Engineer
Engineering Operations,CN=Stephen Deming,TRUE,Stephen,CN=Carol Troup,Stephen Deming,user,+41 56 406 1211,stephed,Deming,Deming,Engineer
Engineering Operations,CN=Olivier Fontana,TRUE,Olivier,CN=Carol Troup,Olivier Fontana,user,+41 56 406 7444,olivief,Fontana,Fontana,Engineer
Engineering Operations,CN=Michelle Fredette,TRUE,Michelle,CN=Carol Troup,Michelle Fredette,user,+41 56 406 6132,michelf,Fredette,Fredette,Engineer
Strategy Consulting,CN=Arlene Huff,TRUE,Arlene,CN=Jenni Merrifield,Arlene Huff,user,+41 56 406 9538,arleneh,Huff,Huff,Strategy Consultant
Marketing,CN=Pieter Wycoff,TRUE,Pieter,CN=Kelly Krout,Pieter Wycoff,user,+41 56 406 9269,pieterw,Wycoff,Wycoff,Marketing Specialist
Engineering Operations,CN=Erwin Zischka,TRUE,Erwin,CN=Carol Troup,Erwin Zischka,user,+41 56 406 8835,erwinz,Zischka,Zischka,Engineer
Operations,CN=Lukas Keller,TRUE,Lukas,CN=Erika Cheley,Lukas Keller,user,+41 56 406 3556,lukask,Keller,Keller,Manager
Operations,CN=Ken Ewert,TRUE,Ken,CN=Erika Cheley,Ken Ewert,user,+41 56 406 7698,kene,Ewert,Ewert,Manager
Operations,CN=Justin Thorp,TRUE,Justin,CN=Erika Cheley,Justin Thorp,user,+41 56 406 1393,justint,Thorp,Thorp,Manager
Operations,CN=Jon Grande,TRUE,Jon,CN=Erika Cheley,Jon Grande,user,+41 56 406 7649,jong,Grande,Grande,Manager
Operations,CN=Jo Berry,TRUE,Jo,CN=Ben Spain,Jo Berry,user,+41 56 406 9867,job,Berry,Berry,Manager
Operations,CN=Hans Gufler,TRUE,Hans,CN=Ben Spain,Hans Gufler,user,+41 56 406 1298,hansg,Gufler,Gufler,Manager
Operations,CN=David Bradley,TRUE,David,CN=Ben Spain,David Bradley,user,+41 56 406 5934,davidb1,Bradley,Bradley,Manager
Operations,CN=Marie Dubois,TRUE,Marie,CN=Arturo Lopez,Marie Dubois,user,+41 56 406 5567,maried,Dubois,Dubois,IT Manager
Operations,CN=Kevin Kennedy,TRUE,Kevin,CN=Arturo Lopez,Kevin Kennedy,user,+41 56 406 7455,kevink,Kennedy,Kennedy,IT Manager
Operations,CN=Kai Axford,TRUE,Kai,CN=Arturo Lopez,Kai Axford,user,+41 56 406 9541,kaia,Axford,Axford,IT Manager
Sales,CN=Manish Chopra,TRUE,Manish,CN=Lene Aalling,Manish Chopra,user,+41 56 406 3855,manishc,Chopra,Chopra,Salesperson
Marketing,CN=Sunil Uppal,TRUE,Sunil,CN=Kelly Krout,Sunil Uppal,user,+41 56 406 2416,sunilu,Uppal,Uppal,Public Relations Specialist
Sales,CN=Luis Bonifaz,TRUE,Luis,CN=Arthur Yasinski,Luis Bonifaz,user,+41 56 406 7862,luisb,Bonifaz,Bonifaz,Salesperson
Sales,CN=Kevin Verboort,TRUE,Kevin,CN=Arthur Yasinski,Kevin Verboort,user,+41 56 406 3654,kevinv,Verboort,Verboort,Salesperson
Marketing,CN=Christian Jene,TRUE,Christian,CN=Kelly Krout,Christian Jene,user,+41 56 406 8834,christj,Jene,Jene,Marketing Specialist
Marketing,CN=Felipe Martins,TRUE,Felipe,CN=Kelly Krout,Felipe Martins,user,+41 56 406 2312,felipem,Martins,Martins,Marketing Specialist
Marketing,CN=John Evans,TRUE,John,CN=Kelly Krout,John Evans,user,+41 56 406 8951,johnev,Evans,Evans,Marketing Specialist
Operations,CN=Heinrich Fischer,TRUE,Heinrich,CN=Arturo Lopez,Heinrich Fischer,user,+41 56 406 3325,heinrif,Fischer,Fischer,IT Manager
Sales,CN=Kirk Nason,TRUE,Kirk,CN=Jose Saraiva,Kirk Nason,user,+41 56 406 8595,kirkj,Nason,Nason,Salesperson
Operations,CN=Brian Cox,TRUE,Brian,CN=Keith Dishmo,Brian Cox,user,+41 56 406 4515,brianc,Cox,Cox,Procurement Manager
Sales,CN=Patricia Doyle,TRUE,Patricia,CN=Lene Aalling,Patricia Doyle,user,+41 56 406 9181,patricd,Doyle,Doyle,Salesperson
Sales,CN=Ron Gabel,TRUE,Ron,CN=April Stewart,Ron Gabel,user,+41 56 406 2429,rong,Gabel,Gabel,Salesperson
Sales,CN=Shmuel Yair,TRUE,Shmuel,CN=David Simpson,Shmuel Yair,user,+41 56 406 2693,shmuely,Yair,Yair,Salesperson
Marketing,CN=Phyllis Harris,TRUE,Phyllis,CN=Kelly Krout,Phyllis Harris,user,+41 56 406 1214,phyllih,Harris,Harris,Marketing Specialist
Sales,CN=Jenny Lysaker,TRUE,Jenny,CN=April Stewart,Jenny Lysaker,user,+41 56 406 4516,jennyl,Lysaker,Lysaker,Salesperson
Marketing,CN=Jordao Moreno,TRUE,Jordao,CN=Kelly Krout,Jordao Moreno,user,+41 56 406 6811,jordaom,Moreno,Moreno,Marketing Specialist
Sales,CN=Josh Edwards,TRUE,Josh,CN=Lene Aalling,Josh Edwards,user,+41 56 406 8454,joshe,Edwards,Edwards,Salesperson
Marketing,CN=Chris Johnson,TRUE,Chris,CN=Kelly Krout,Chris Johnson,user,+41 56 406 9000,chrisj,Johnson,Johnson,Marketing Specialist
Operations,CN=Kris Johnsen,TRUE,Kris,CN=Arturo Lopez,Kris Johnsen,user,+41 56 406 9001,krisj,Johnsen,Johnsen,IT Manager